signal,ambulance,trigger,start_s,end_s
J1,amb1,V2I,25.5,34.0
J10,amb2,V2I,37.5,47.5
J2,amb1,I2I,37.0,52.5
J3,amb3,V2I,45.5,54.5
J9,amb2,I2I,51.0,67.0
J3,amb1,I2I,55.5,71.5
J4,amb3,I2I,58.0,73.5
J8,amb2,I2I,70.0,86.0
J4,amb1,I2I,74.5,90.5
J5,amb3,I2I,77.0,93.0
J7,amb2,I2I,89.0,104.5
J5,amb1,I2I,93.5,109.5
J10,amb3,I2I,96.5,113.0
J6,amb2,I2I,108.0,123.5
J10,amb4,V2I,175.5,184.0
J6,amb5,V2I,195.5,204.0
J5,amb4,I2I,187.0,205.0
J7,amb5,I2I,207.0,222.5
J4,amb4,I2I,209.0,224.5
J8,amb5,I2I,225.5,241.5
J3,amb4,I2I,227.5,243.5
J9,amb5,I2I,244.5,261.0
J2,amb4,I2I,246.5,263.0
J1,amb4,I2I,266.5,282.0
J10,amb5,I2I,264.5,284.5
J5,amb5,I2I,288.0,304.0
J1,amb6,V2I,335.5,344.5
J2,amb6,I2I,348.0,363.5
J5,amb7,V2I,355.5,363.5
J3,amb6,I2I,367.0,382.5
J4,amb7,I2I,367.0,382.5
J8,amb8,V2I,375.5,384.0
J3,amb7,I2I,385.5,401.5
J4,amb6,I2I,385.5,401.5
J3,amb8,I2I,401.5,408.0
J2,amb7,I2I,404.5,420.5
J5,amb6,I2I,404.5,421.5
J2,amb8,I2I,420.5,427.5
J1,amb7,I2I,423.5,440.0
J10,amb6,I2I,425.5,441.0
J1,amb8,I2I,440.0,447.0
J6,amb7,I2I,444.0,460.0
